{"method":"POST","url":"https:\/\/api.openai.com\/v1","resource":"completions","contenttype":"application\/json","auth":{"method":"NONE","username":"","usernamekey":"","password":"","passwordkey":"","clientid":"","clientsecret":"","authcode":"","accesstoken":"","accesstokensecret":"","requesttoken":"","requesttokensecret":"","refreshtoken":"","signaturemethod":"","responsetype":"","endpointauth":"","endpointaccesstoken":"","endpointrequesttoken":"","endpointredirect":"","authscope":""},"parameters":[{"name":"Authorization","value":"Bearer XXXX","kind":"HEADER","encode":false}],"body":"ew0KICAicHJvbXB0IjogInJlYWxseT8iLA0KICAibW9kZWwiOiAidGV4dC1kYXZpbmNpLTAwMyIsDQogICJ0ZW1wZXJhdHVyZSI6IDAuNQ0KfQ==","datasetview":0,"rootelement":"","nestedfields":false}