{"method":"POST","url":"https:\/\/api.openai.com\/v1\/images","resource":"generations","contenttype":"application\/json","auth":{"method":"NONE","username":"","usernamekey":"","password":"","passwordkey":"","clientid":"","clientsecret":"","authcode":"","accesstoken":"","accesstokensecret":"","requesttoken":"","requesttokensecret":"","refreshtoken":"","signaturemethod":"","responsetype":"","endpointauth":"","endpointaccesstoken":"","endpointrequesttoken":"","endpointredirect":"","authscope":""},"parameters":[{"name":"Authorization","value":"Bearer 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","kind":"HEADER","encode":false}],"body":"ew0KICAicHJvbXB0IjogIkNyZWF0ZSBhIHdoaXRlIGNhdCBpbWFnZSIsDQogICJuIjogMSwNCiAgInNpemUiOiAiMTAyNHgxMDI0Ig0KfQ==","datasetview":0,"rootelement":"","nestedfields":false}