{"method":"POST","url":"https:\/\/api.openai.com\/v1","resource":"moderations","contenttype":"application\/json","auth":{"method":"NONE","username":"","usernamekey":"","password":"","passwordkey":"","clientid":"","clientsecret":"","authcode":"","accesstoken":"","accesstokensecret":"","requesttoken":"","requesttokensecret":"","refreshtoken":"","signaturemethod":"","responsetype":"","endpointauth":"","endpointaccesstoken":"","endpointrequesttoken":"","endpointredirect":"","authscope":""},"parameters":[{"name":"Authorization","value":"Bearer XXXX","kind":"HEADER","encode":false}],"body":"ew0KICAiaW5wdXQiOiAicmVhbGx5PyINCn0=","datasetview":0,"rootelement":"","nestedfields":false}